time,queue_packets,utilization,rtt_ms,queue_growth_rate,rtt_growth_rate,QueueScore,UtilScore,RTTScore,active_signal,switched,switch_counter
1.1,7.25,0.090432,60.949882,0.0,0.0,0.03625,0.045216,0.0,QUEUE,False,0
1.2,17.372671,0.44368,66.822827,101.22671000000014,58.72945000000009,0.586863355,0.22184,0.5436472500000005,QUEUE,False,0
1.3,49.473888,0.73632,70.239842,321.01216999999974,34.17014999999989,0.74736944,0.5348266666666667,0.5041840833333328,QUEUE,False,0
1.4,99.5,1.0,85.17913,500.26112000000063,149.39288000000025,0.9975,0.75,0.875,QUEUE,False,0
1.5,99.5,1.0,125.598024,0.0,404.1889399999996,0.4975,0.8,0.9,QUEUE,False,1
1.6,99.5,0.989312,154.7843,0.0,291.8627599999998,0.4975,0.894656,1.0,QUEUE,False,2
1.8,78.953488,0.199728,154.986,-102.73256000000006,1.0084999999999413,0.39476743999999997,0.49986400000000003,0.5050424999999997,RTT,True,0
1.9,99.5,1.0,104.093221,205.46512000000035,-508.9277900000006,0.9975,0.9,0.4,RTT,False,1
2.0,99.5,1.0,161.22375,0.0,571.3052899999994,0.4975,0.9,0.9,RTT,False,0
2.2,75.703158,0.942512,164.139125,-118.98420999999989,14.576875000000046,0.37851579,0.871256,0.47288437500000025,RTT,False,1
2.3,81.305483,0.968784,113.694044,56.02325000000013,-504.4508100000018,0.6866436650000007,0.8843920000000001,0.3,RTT,False,2
2.4,44.712589,0.826,102.356684,-365.9289399999996,-113.37359999999994,0.223562945,0.913,0.2,UTILIZATION,True,0
2.5,47.485915,1.0,82.99277,27.733259999999948,-193.6391399999999,0.37609587499999975,1.0,0.2,UTILIZATION,False,0
2.6,50.566745,1.0,84.103425,30.80829999999996,11.106550000000073,0.40687522499999984,1.0,0.25553275000000036,UTILIZATION,False,0
2.7,53.190141,1.0,85.190074,26.23395999999997,10.866489999999933,0.39712050499999985,1.0,0.25433244999999965,UTILIZATION,False,0
2.8,55.199531,1.0,86.935885,20.093900000000104,17.458110000000094,0.3764671550000005,1.0,0.38729055000000046,UTILIZATION,False,0
2.9,57.44,1.0,87.65799,22.404689999999952,7.221049999999985,0.39922344999999976,1.0,0.43610524999999994,UTILIZATION,False,0
3.0,59.920375,1.0,88.626897,24.80375,9.689070000000006,0.42362062500000003,1.0,0.54844535,UTILIZATION,False,0
3.1,61.65566,1.0,90.120648,17.35284999999996,14.93751000000002,0.3950425499999998,1.0,0.5746875500000002,UTILIZATION,False,0
3.2,64.526932,1.0,90.364672,28.712720000000022,2.440239999999958,0.46619826000000014,1.0,0.5122011999999998,UTILIZATION,False,0
3.3,65.896956,1.0,92.500384,13.700240000000056,21.357120000000055,0.3979859800000003,1.0,0.6067856000000003,UTILIZATION,False,0
3.4,68.528302,1.0,92.345175,26.31345999999991,-1.5520899999999913,0.47420880999999954,1.0,0.4,UTILIZATION,False,0
3.5,69.985882,1.0,94.436628,14.57580000000006,20.914529999999996,0.4228084100000003,1.0,0.50457265,UTILIZATION,False,0
3.6,71.87822,1.0,94.058449,18.923379999999934,-3.7817900000000257,0.4540079999999997,1.0,0.3,UTILIZATION,False,0
3.7,72.470449,0.99592,95.364633,5.922290000000027,13.061840000000005,0.39196369500000017,0.99796,0.3653092,UTILIZATION,False,0
3.8,73.640845,1.0,96.527478,11.703960000000007,11.628450000000084,0.42672402500000006,1.0,0.35814225000000044,UTILIZATION,False,0
3.9,74.858491,1.0,95.945904,12.17646000000001,-5.815740000000028,0.4351747550000001,1.0,0.3,UTILIZATION,False,0
4.0,76.675294,1.0,96.188598,18.168029999999913,2.4269399999999997,0.47421661999999953,1.0,0.3121347,UTILIZATION,False,0
4.1,76.141509,1.0,98.156844,-5.337849999999965,19.682460000000148,0.380707545,1.0,0.49841230000000075,UTILIZATION,False,0
4.2,76.640845,1.0,98.259757,4.993359999999969,1.0291299999998615,0.40817102499999985,1.0,0.40514564999999936,UTILIZATION,False,0
4.3,78.301887,1.0,98.027161,16.61042000000001,-2.3259599999998755,0.474561535,1.0,0.3,UTILIZATION,False,0
4.4,79.0,1.0,97.864635,6.981130000000027,-1.6252599999999886,0.42990565000000014,1.0,0.3,UTILIZATION,False,0
4.5,79.0,1.0,98.171402,0.0,3.067669999999947,0.395,1.0,0.3153383499999997,UTILIZATION,False,0
4.6,80.697183,1.0,98.174741,16.971830000000015,0.03338999999996884,0.4883450650000001,1.0,0.20016694999999984,UTILIZATION,False,0
4.7,80.130332,0.9912,100.008175,-5.6685099999999675,18.33433999999987,0.40065165999999997,0.9956,0.29167169999999937,UTILIZATION,False,0
4.8,80.002364,1.0,100.158973,-1.2796799999999608,1.507980000000094,0.40001182,1.0,0.3075399000000005,UTILIZATION,False,0
4.9,80.0,1.0,100.063245,-0.023640000000000203,-0.9572800000000774,0.4,1.0,0.3,UTILIZATION,False,0
5.0,80.0,1.0,100.062274,0.0,-0.009709999999927311,0.4,1.0,0.2,UTILIZATION,False,0
5.1,80.0,1.0,100.065568,0.0,0.03293999999996811,0.4,1.0,0.20016469999999986,UTILIZATION,False,0
5.2,80.0,1.0,100.065953,0.0,0.0038499999999430452,0.4,1.0,0.10001924999999973,UTILIZATION,False,0
5.3,80.0,1.0,100.065481,0.0,-0.0047199999998781715,0.4,1.0,0.0,UTILIZATION,False,0
5.4,80.0,1.0,100.064965,0.0,-0.005160000000046211,0.4,1.0,0.0,UTILIZATION,False,0
5.5,80.0,1.0,100.062426,0.0,-0.025389999999987457,0.4,1.0,0.0,UTILIZATION,False,0
5.6,80.0,1.0,100.060056,0.0,-0.023699999999991034,0.4,1.0,0.0,UTILIZATION,False,0
5.7,80.0,1.0,100.065686,0.0,0.05629999999996441,0.4,1.0,0.00028149999999982204,UTILIZATION,False,0
5.8,79.997636,1.0,100.065648,-0.02364000000000041,-0.0003800000000353534,0.39998818,1.0,0.0,UTILIZATION,False,0
5.9,80.595294,0.99592,100.062209,5.976579999999924,-0.03439000000000174,0.4328593699999996,0.99796,0.0,UTILIZATION,False,0
6.0,82.312207,1.0,99.930106,17.169130000000113,-1.3210300000000121,0.49740668500000057,1.0,0.0,UTILIZATION,False,0
6.1,83.870892,1.0,99.732496,15.586850000000025,-1.976099999999981,0.4972887100000001,1.0,0.0,UTILIZATION,False,0
6.2,84.570071,0.99592,100.904374,6.9917899999999715,11.718780000000004,0.4578093049999999,0.99796,0.1585939,UTILIZATION,False,0
6.3,85.086854,1.0,102.227726,5.167830000000056,13.233520000000045,0.45127342000000026,1.0,0.2661676000000002,UTILIZATION,False,0
6.4,86.542254,1.0,101.755472,14.553999999999895,-4.722540000000041,0.5054812699999994,1.0,0.2,UTILIZATION,False,0
6.5,88.194836,1.0,101.673292,16.525820000000014,-0.8217999999999421,0.5236032800000001,1.0,0.2,UTILIZATION,False,0
6.6,88.466825,0.9912,103.086733,2.719890000000059,14.134409999999967,0.4559335750000003,0.9956,0.3706720499999998,UTILIZATION,False,0
6.7,89.5,1.0,104.112057,10.331749999999944,10.253239999999922,0.49915874999999976,1.0,0.3512661999999996,UTILIZATION,False,0
6.8,90.764151,1.0,103.514168,12.641510000000027,-5.978889999999971,0.5170283050000001,1.0,0.2,UTILIZATION,False,0
6.9,92.542254,1.0,103.681113,17.78102999999992,1.6694499999999746,0.5516164199999996,1.0,0.30834724999999985,UTILIZATION,False,0
7.0,92.264775,1.0,105.3428,-2.7747900000000056,16.616870000000066,0.461323875,1.0,0.4830843500000004,UTILIZATION,False,0
7.1,93.561033,1.0,105.930538,12.962579999999992,5.877380000000038,0.532618065,1.0,0.42938690000000024,UTILIZATION,False,0
7.2,94.716981,1.0,105.4385,11.55948000000003,-4.920379999999911,0.5313823050000002,1.0,0.3,UTILIZATION,False,0
7.3,96.640845,1.0,105.520868,19.238640000000014,0.8236799999998852,0.579397425,1.0,0.40411839999999943,UTILIZATION,False,0
7.4,96.234597,0.9912,107.316792,-4.062480000000029,17.95924000000004,0.48117298499999994,0.9956,0.48979620000000024,UTILIZATION,False,0
7.5,97.65493,1.0,107.801906,14.203330000000044,4.851139999999975,0.5592913000000002,1.0,0.4242556999999999,UTILIZATION,False,0
7.6,98.762911,1.0,107.310632,11.079810000000133,-4.91274000000006,0.5492136050000006,1.0,0.3,UTILIZATION,False,0
7.7,99.453901,1.0,107.418292,6.909899999999957,1.0765999999999507,0.5318190049999998,1.0,0.40538299999999977,UTILIZATION,False,0
7.8,99.5,1.0,109.062613,0.4609899999999828,16.443210000000107,0.4998049499999999,1.0,0.48221605000000056,UTILIZATION,False,0
7.9,99.5,1.0,109.735457,0.0,6.728439999999942,0.4975,1.0,0.43364219999999976,UTILIZATION,False,0
8.0,99.5,1.0,109.349037,0.0,-3.8642000000000247,0.4975,1.0,0.3,UTILIZATION,False,0
8.1,99.5,1.0,109.315632,0.0,-0.3340500000000202,0.4975,1.0,0.3,UTILIZATION,False,0
8.2,99.5,1.0,110.611105,0.0,12.954730000000058,0.4975,1.0,0.3647736500000003,UTILIZATION,False,0
8.3,99.5,1.0,111.474206,0.0,8.63100999999988,0.4975,1.0,0.3431550499999994,UTILIZATION,False,0
8.4,99.5,1.0,111.212019,0.0,-2.621869999999982,0.4975,1.0,0.2,UTILIZATION,False,0
8.5,99.5,0.99592,111.486519,0.0,2.7450000000000427,0.4975,0.99796,0.3137250000000002,UTILIZATION,False,0
8.6,99.5,1.0,112.161829,0.0,6.753099999999985,0.4975,1.0,0.4337654999999999,UTILIZATION,False,0
8.7,99.5,1.0,113.26616,0.0,11.043310000000059,0.4975,1.0,0.45521655000000033,UTILIZATION,False,0
8.8,99.5,1.0,113.291443,0.0,0.2528300000000136,0.4975,1.0,0.30126415000000006,UTILIZATION,False,0
8.9,99.5,1.0,113.2605,0.0,-0.30943000000007825,0.4975,1.0,0.3,UTILIZATION,False,0
9.0,99.5,1.0,113.587283,0.0,3.267830000000072,0.4975,1.0,0.31633915000000035,UTILIZATION,False,0
9.1,99.5,1.0,115.12283,0.0,15.355469999999995,0.4975,1.0,0.37677734999999996,UTILIZATION,False,0
9.2,99.5,0.99592,115.162519,0.0,0.39689000000009994,0.4975,0.99796,0.2019844500000005,UTILIZATION,False,0
9.3,99.5,1.0,115.182024,0.0,0.19504999999994943,0.4975,1.0,0.20097524999999977,UTILIZATION,False,0
9.4,70.03523,0.85904,113.7242,-294.64770000000107,-14.578240000000074,0.35017615,0.92952,0.2,UTILIZATION,False,0
9.5,46.778555,0.88736,96.306462,-232.56675000000084,-174.17738000000062,0.233892775,0.9436800000000001,0.1,UTILIZATION,False,0
9.6,51.484778,1.0,83.934857,47.062230000000184,-123.71605000000046,0.4927350400000009,1.0,0.0,UTILIZATION,False,0
9.7,55.845794,1.0,86.009401,43.61016000000015,20.745440000000105,0.4972797700000007,1.0,0.20372720000000052,UTILIZATION,False,0
9.8,60.004673,1.0,88.033506,41.5887899999994,20.24104999999977,0.507967314999997,1.0,0.30120524999999887,UTILIZATION,False,0
9.9,63.918033,1.0,89.965104,39.133600000000186,19.315980000000007,0.5152581650000009,1.0,0.39657990000000004,UTILIZATION,False,0
10.0,67.61215,1.0,91.807314,36.94117000000011,18.42210000000015,0.5227666000000006,1.0,0.4921105000000008,UTILIZATION,False,0
10.1,71.23185,1.0,93.495793,36.197000000000074,16.88479000000007,0.5371442500000003,1.0,0.5844239500000004,UTILIZATION,False,0
10.2,74.676815,1.0,95.124724,34.449650000000226,16.28931,0.5456323250000011,1.0,0.58144655,UTILIZATION,False,0
10.3,77.925059,1.0,96.632996,32.482439999999535,15.082719999999837,0.5520374949999978,1.0,0.5754135999999992,UTILIZATION,False,0
10.4,81.044601,1.0,98.214651,31.195420000000066,15.816550000000035,0.5612001050000004,1.0,0.5790827500000002,UTILIZATION,False,0
10.5,83.584112,1.0,99.890677,25.395110000000134,16.76025999999999,0.5448961100000007,1.0,0.5838013,UTILIZATION,False,0
10.6,86.367925,1.0,100.986175,27.83813000000005,10.954980000000102,0.5710302750000003,1.0,0.5547749000000005,UTILIZATION,False,0
10.7,89.356643,1.0,102.019123,29.887180000000164,10.329479999999942,0.5962191150000008,1.0,0.5516473999999997,UTILIZATION,False,0
10.8,91.223005,1.0,103.854123,18.663619999999685,18.34999999999982,0.5494331249999984,1.0,0.5917499999999991,UTILIZATION,False,0
10.9,93.75,1.0,104.329286,25.269950000000083,4.751629999999966,0.5950997500000004,1.0,0.5237581499999998,UTILIZATION,False,0
11.0,95.833333,1.0,105.807486,20.833330000000036,14.782000000000064,0.5833333150000002,1.0,0.5739100000000004,UTILIZATION,False,0
11.1,97.701878,1.0,106.580152,18.685450000000042,7.726660000000037,0.5819366400000002,1.0,0.5386333000000002,UTILIZATION,False,0
11.2,98.950704,1.0,107.671542,12.488260000000126,10.91390000000008,0.5571948200000006,1.0,0.5545695000000004,UTILIZATION,False,0
11.3,99.5,1.0,108.217076,5.492959999999904,5.455339999999958,0.5249647999999996,1.0,0.5272766999999998,UTILIZATION,False,0
11.4,99.5,0.99592,109.752604,0.0,15.355280000000048,0.4975,0.99796,0.5767764000000002,UTILIZATION,False,0
11.5,99.5,1.0,109.33743,0.0,-4.15174000000009,0.4975,1.0,0.4,UTILIZATION,False,0
11.6,99.5,1.0,111.222,0.0,18.845700000000033,0.4975,1.0,0.4942285000000002,UTILIZATION,False,0
11.7,99.5,1.0,111.326387,0.0,1.0438700000000305,0.4975,1.0,0.4052193500000002,UTILIZATION,False,0
11.8,99.5,1.0,111.392509,0.0,0.6612200000000618,0.4975,1.0,0.40330610000000033,UTILIZATION,False,0
11.9,99.5,1.0,112.823925,0.0,14.314160000000038,0.4975,1.0,0.47157080000000023,UTILIZATION,False,0
12.0,99.5,1.0,113.30216,0.0,4.7823499999999965,0.4975,1.0,0.52391175,UTILIZATION,False,0
12.1,99.5,1.0,113.250481,0.0,-0.5167900000000732,0.4975,1.0,0.4,UTILIZATION,False,0
12.2,99.5,0.99592,113.318743,0.0,0.6826200000000451,0.4975,0.99796,0.40341310000000025,UTILIZATION,False,0
12.3,99.5,1.0,113.777093,0.0,4.583499999999893,0.4975,1.0,0.4229174999999995,UTILIZATION,False,0
12.4,99.5,1.0,115.189657,0.0,14.125640000000082,0.4975,1.0,0.47062820000000044,UTILIZATION,False,0
12.5,99.5,1.0,115.159355,0.0,-0.3030199999999194,0.4975,1.0,0.3,UTILIZATION,False,0
12.6,99.5,1.0,115.146562,0.0,-0.12793000000002097,0.4975,1.0,0.3,UTILIZATION,False,0
12.7,99.5,1.0,115.217312,0.0,0.7075000000000412,0.4975,1.0,0.3035375000000002,UTILIZATION,False,0
12.8,78.105405,0.8968,114.99575,-213.9459499999969,-2.2156200000000266,0.390527025,0.9484,0.2,UTILIZATION,False,0
12.9,46.386792,0.84488,99.476406,-317.1861300000012,-155.19344000000058,0.23193396,0.9224399999999999,0.1,UTILIZATION,False,0
13.0,50.761682,1.0,83.689483,43.74890000000016,-157.86923000000058,0.47255291000000077,1.0,0.1,UTILIZATION,False,0
13.1,55.200466,1.0,85.746278,44.38784000000014,20.567950000000156,0.49794153000000074,1.0,0.3028397500000008,UTILIZATION,False,0
13.2,59.38785,1.0,87.720694,41.873840000000165,19.74415999999998,0.5063084500000008,1.0,0.2987207999999999,UTILIZATION,False,0
13.3,63.365967,1.0,89.687193,39.781169999999406,19.664989999999708,0.515735684999997,1.0,0.3983249499999985,UTILIZATION,False,0
13.4,67.157277,1.0,91.510836,37.91310000000009,18.236430000000105,0.5253518850000004,1.0,0.49118215000000054,UTILIZATION,False,0
13.5,70.766355,1.0,93.221699,36.09078000000024,17.108630000000094,0.5342856750000012,1.0,0.5855431500000005,UTILIZATION,False,0
13.6,74.187354,1.0,94.859763,34.20999000000007,16.380640000000056,0.5419867200000004,1.0,0.5819032000000003,UTILIZATION,False,0
13.7,77.542254,1.0,96.451089,33.54900000000013,15.913260000000008,0.5554562700000006,1.0,0.5795663,UTILIZATION,False,0
13.8,80.490654,1.0,98.129277,29.483999999999646,16.78187999999982,0.5498732699999982,1.0,0.5839093999999991,UTILIZATION,False,0
13.9,83.223005,1.0,99.667642,27.323510000000038,15.383650000000044,0.5527325750000003,1.0,0.5769182500000002,UTILIZATION,False,0
14.0,86.075294,1.0,100.640373,28.522890000000093,9.727309999999994,0.5729909200000005,1.0,0.54863655,UTILIZATION,False,0
14.1,88.88345,1.0,101.985858,28.081560000000067,13.454850000000013,0.5848250500000003,1.0,0.5672742500000001,UTILIZATION,False,0
14.2,90.842723,1.0,103.689,19.592730000000174,17.031420000000058,0.5521772650000009,1.0,0.5851571000000003,UTILIZATION,False,0
14.3,93.617925,1.0,104.019245,27.752019999999536,3.302450000000003,0.6068497249999977,1.0,0.51651225,UTILIZATION,False,0
14.4,95.407494,1.0,105.883708,17.895690000000066,18.644630000000074,0.5665159200000004,1.0,0.5932231500000004,UTILIZATION,False,0
14.5,97.542453,1.0,106.273066,21.349590000000024,3.893580000000028,0.5944602150000001,1.0,0.5194679000000001,UTILIZATION,False,0
14.6,98.720657,1.0,107.729613,11.782040000000123,14.565470000000056,0.5525134850000006,1.0,0.5728273500000003,UTILIZATION,False,0
14.7,99.5,1.0,107.829352,7.79343,0.9973899999999993,0.53646715,1.0,0.50498695,UTILIZATION,False,0
14.8,99.5,1.0,109.848692,0.0,20.19339999999971,0.4975,1.0,0.6009669999999986,UTILIZATION,False,0
14.9,99.5,1.0,109.246557,0.0,-6.021350000000062,0.4975,1.0,0.4,UTILIZATION,False,0
15.0,99.5,1.0,110.89801,0.0,16.514530000000097,0.4975,1.0,0.4825726500000005,UTILIZATION,False,0
15.1,99.5,0.99592,111.447449,0.0,5.494390000000086,0.4975,0.99796,0.42747195000000043,UTILIZATION,False,0
15.2,99.5,1.0,111.34641,0.0,-1.0103900000000046,0.4975,1.0,0.3,UTILIZATION,False,0
15.3,99.5,1.0,112.544028,0.0,11.976179999999744,0.4975,1.0,0.3598808999999987,UTILIZATION,False,0
15.4,99.5,1.0,113.279792,0.0,7.357640000000058,0.4975,1.0,0.4367882000000003,UTILIZATION,False,0
15.5,99.5,1.0,113.253925,0.0,-0.25867000000005286,0.4975,1.0,0.3,UTILIZATION,False,0
15.6,99.5,1.0,113.314642,0.0,0.6071700000001122,0.4975,1.0,0.30303585000000055,UTILIZATION,False,0
15.7,99.5,1.0,113.563849,0.0,2.492069999999993,0.4975,1.0,0.41246035,UTILIZATION,False,0
15.8,99.5,1.0,115.149943,0.0,15.86093999999966,0.4975,1.0,0.4793046999999983,UTILIZATION,False,0
15.9,99.5,0.99592,115.137811,0.0,-0.1213199999999408,0.4975,0.99796,0.3,UTILIZATION,False,0
16.0,99.5,1.0,115.184028,0.0,0.46216999999998787,0.4975,1.0,0.3023108499999999,UTILIZATION,False,0
16.1,99.5,1.0,115.17901,0.0,-0.05017999999992568,0.4975,1.0,0.2,UTILIZATION,False,0
16.2,90.515464,0.98648,115.091571,-89.84536000000197,-0.8743900000000524,0.45257731999999995,0.99324,0.1,UTILIZATION,False,0
16.3,47.970516,0.75048,105.147393,-425.44947999999386,-99.44177999999867,0.23985258,0.87524,0.0,UTILIZATION,False,0
16.4,49.570093,1.0,84.563175,15.995770000000306,-205.8421800000043,0.3278293150000015,1.0,0.0,UTILIZATION,False,0
16.5,53.995338,1.0,85.135148,44.252449999999335,5.719729999999917,0.4912389399999966,1.0,0.1285986499999996,UTILIZATION,False,0
16.6,58.24356,1.0,87.136991,42.48221999999945,20.018429999999654,0.5036288999999973,1.0,0.3000921499999983,UTILIZATION,False,0
16.7,62.257009,1.0,89.152154,40.134490000000795,20.15163000000044,0.511957495000004,1.0,0.4007581500000022,UTILIZATION,False,0
16.8,66.119438,1.0,90.971774,38.62428999999951,18.196199999999745,0.5237186399999976,1.0,0.4909809999999988,UTILIZATION,False,0
16.9,69.78972,1.0,92.766991,36.702820000000784,17.952170000000464,0.532462700000004,1.0,0.5897608500000023,UTILIZATION,False,0
17.0,73.301176,1.0,94.41908,35.11455999999946,16.52088999999966,0.5420786799999973,1.0,0.5826044499999983,UTILIZATION,False,0
17.1,76.481395,1.0,96.181416,31.80218999999963,17.6233599999998,0.5414179249999982,1.0,0.588116799999999,UTILIZATION,False,0
17.2,79.467136,1.0,97.800002,29.857410000000538,16.18586000000042,0.5466227300000026,1.0,0.5809293000000021,UTILIZATION,False,0
17.3,82.528169,1.0,99.002359,30.610329999999657,12.02356999999975,0.5656924949999983,1.0,0.5601178499999988,UTILIZATION,False,0
17.4,85.609412,1.0,100.222231,30.812430000000663,12.198720000000211,0.5821092100000034,1.0,0.5609936000000011,UTILIZATION,False,0
17.5,87.78972,1.0,102.015811,21.803079999999657,17.9357999999998,0.5479639999999983,1.0,0.589678999999999,UTILIZATION,False,0
17.6,90.251765,1.0,103.026352,24.620449999999686,10.10540999999989,0.5743610749999984,1.0,0.5505270499999995,UTILIZATION,False,0
17.7,93.093677,1.0,103.76917,28.419120000000543,7.428180000000156,0.6075639850000027,1.0,0.5371409000000008,UTILIZATION,False,0
17.8,94.603286,1.0,105.723299,15.09608999999976,19.54128999999967,0.5484968799999987,1.0,0.5977064499999983,UTILIZATION,False,0
17.9,97.232394,1.0,105.617819,26.291080000000584,-1.0548000000000226,0.6176173700000029,1.0,0.4,UTILIZATION,False,0
18.0,98.279343,1.0,107.926458,10.46948999999983,23.086389999999668,0.5437441649999991,1.0,0.5154319499999984,UTILIZATION,False,0
18.1,99.5,1.0,107.316981,12.206569999999854,-6.094769999999896,0.5585328499999993,1.0,0.3,UTILIZATION,False,0
18.2,99.5,1.0,109.731255,0.0,24.142740000000575,0.4975,1.0,0.42071370000000285,UTILIZATION,False,0
18.3,99.5,1.0,109.360585,0.0,-3.7066999999999877,0.4975,1.0,0.2,UTILIZATION,False,0
18.4,99.5,1.0,110.311528,0.0,9.509430000000155,0.4975,1.0,0.34754715000000075,UTILIZATION,False,0
18.5,99.5,1.0,111.400028,0.0,10.88499999999995,0.4975,1.0,0.35442499999999977,UTILIZATION,False,0
18.6,99.5,1.0,111.381189,0.0,-0.18838999999999562,0.4975,1.0,0.3,UTILIZATION,False,0
18.7,99.5,1.0,111.99567,0.0,6.144810000000109,0.4975,1.0,0.33072405000000055,UTILIZATION,False,0
18.8,99.5,0.99592,113.273849,0.0,12.781789999999763,0.4975,0.99796,0.4639089499999988,UTILIZATION,False,0
18.9,99.5,1.0,113.276321,0.0,0.02471999999997418,0.4975,1.0,0.3001235999999999,UTILIZATION,False,0
19.0,99.5,1.0,113.275887,0.0,-0.00433999999998485,0.4975,1.0,0.2,UTILIZATION,False,0
19.1,99.5,1.0,113.301066,0.0,0.25179000000008145,0.4975,1.0,0.2012589500000004,UTILIZATION,False,0
19.2,99.5,1.0,114.888179,0.0,15.871130000000218,0.4975,1.0,0.27935565000000107,UTILIZATION,False,0
19.3,99.5,1.0,115.16584,0.0,2.776610000000051,0.4975,1.0,0.21388305000000027,UTILIZATION,False,0
19.4,99.5,1.0,115.16481,0.0,-0.010300000000001084,0.4975,1.0,0.2,UTILIZATION,False,0
19.5,99.5,0.99592,115.172505,0.0,0.07694999999998121,0.4975,0.99796,0.20038474999999992,UTILIZATION,False,0
19.6,96.055,1.0,115.154293,-34.44999999999944,-0.18212000000005188,0.480275,1.0,0.2,UTILIZATION,False,0
19.7,52.826531,0.76464,108.93202,-432.2846900000093,-62.22273000000134,0.264132655,0.88232,0.1,UTILIZATION,False,0
19.8,48.64486,1.0,87.16653,-41.81670999999942,-217.6548999999969,0.2432243,1.0,0.0,UTILIZATION,False,0
19.9,53.130536,1.0,84.671285,44.85676000000094,-24.952450000000503,0.48993648000000467,1.0,0.0,UTILIZATION,False,0
20.0,57.443925,1.0,86.712013,43.1338899999994,20.407279999999723,0.502889074999997,1.0,0.20203639999999862,UTILIZATION,False,0
20.1,61.471963,1.0,88.76057,40.28037999999945,20.485569999999733,0.5087617149999972,1.0,0.30242784999999867,UTILIZATION,False,0
20.2,65.369159,1.0,90.618589,38.97196000000077,18.580190000000382,0.5217055950000038,1.0,0.3929009500000019,UTILIZATION,False,0
20.3,69.091549,1.0,92.450786,37.22389999999952,18.321969999999677,0.5315772449999976,1.0,0.4916098499999984,UTILIZATION,False,0
20.4,72.53271,1.0,94.176335,34.41161000000067,17.25549000000038,0.5347216000000032,1.0,0.5862774500000019,UTILIZATION,False,0
20.5,75.721311,1.0,95.914243,31.8860099999996,17.379079999999796,0.5380366049999981,1.0,0.586895399999999,UTILIZATION,False,0
20.6,78.983607,1.0,97.299318,32.6229599999996,13.850749999999808,0.5580328349999981,1.0,0.569253749999999,UTILIZATION,False,0
20.7,82.028235,1.0,98.635405,30.446280000000538,13.360870000000347,0.5623725750000026,1.0,0.5668043500000017,UTILIZATION,False,0
20.8,84.955504,1.0,100.090643,29.27268999999968,14.552379999999737,0.5711409699999984,1.0,0.5727618999999987,UTILIZATION,False,0
20.9,87.266355,1.0,101.796258,23.10851000000049,17.056150000000308,0.5518743250000024,1.0,0.5852807500000016,UTILIZATION,False,0
21.0,89.900943,1.0,102.556632,26.345879999999564,7.603739999999879,0.5812341149999978,1.0,0.5380186999999994,UTILIZATION,False,0
21.1,92.443925,1.0,103.829802,25.429819999999587,12.731699999999893,0.5893687249999979,1.0,0.5636584999999995,UTILIZATION,False,0
21.2,94.199531,1.0,105.352962,17.556060000000375,15.231600000000368,0.5587779550000018,1.0,0.5761580000000018,UTILIZATION,False,0
21.3,96.90566,1.0,105.507038,27.06128999999966,1.5407599999998702,0.6198347499999983,1.0,0.5077037999999994,UTILIZATION,False,0
21.4,98.030445,1.0,107.607243,11.247850000000268,21.002050000000473,0.5463914750000013,1.0,0.6050102500000023,UTILIZATION,False,0
21.5,99.457547,1.0,107.319343,14.271019999999847,-2.878999999999893,0.5686428349999992,1.0,0.4,UTILIZATION,False,0
21.6,99.5,1.0,109.281972,0.4245299999999414,19.626289999999646,0.4996226499999997,1.0,0.49813144999999825,UTILIZATION,False,0
21.7,99.5,1.0,109.505396,0.0,2.2342400000001326,0.4975,1.0,0.4111712000000007,UTILIZATION,False,0
21.8,99.5,0.99592,109.876019,0.0,3.7062299999998953,0.4975,0.99796,0.4185311499999995,UTILIZATION,False,0
21.9,99.5,1.0,111.463245,0.0,15.872260000000349,0.4975,1.0,0.47936130000000177,UTILIZATION,False,0
22.0,99.5,1.0,111.313792,0.0,-1.4945299999999193,0.4975,1.0,0.4,UTILIZATION,False,0
22.1,99.5,1.0,111.691575,0.0,3.777829999999884,0.4975,1.0,0.41888914999999943,UTILIZATION,False,0
22.2,99.5,1.0,113.210604,0.0,15.190290000000356,0.4975,1.0,0.47595145000000183,UTILIZATION,False,0
22.3,99.5,1.0,113.285142,0.0,0.7453799999998872,0.4975,1.0,0.40372689999999944,UTILIZATION,False,0
22.4,99.5,1.0,113.276858,0.0,-0.08283999999989254,0.4975,1.0,0.3,UTILIZATION,False,0
22.5,99.5,0.99592,113.282934,0.0,0.06075999999993001,0.4975,0.99796,0.3003037999999996,UTILIZATION,False,0
22.6,99.5,1.0,114.528377,0.0,12.45442999999991,0.4975,1.0,0.3622721499999995,UTILIZATION,False,0
22.7,99.5,1.0,115.146019,0.0,6.176420000000025,0.4975,1.0,0.3308821000000001,UTILIZATION,False,0
22.8,99.5,1.0,115.187274,0.0,0.41255000000006115,0.4975,1.0,0.20206275000000032,UTILIZATION,False,0
22.9,99.5,1.0,115.160415,0.0,-0.26859000000002314,0.4975,1.0,0.2,UTILIZATION,False,0
23.0,98.992771,1.0,115.175952,-5.072289999999881,0.15536999999994583,0.494963855,1.0,0.20077684999999973,UTILIZATION,False,0
23.1,60.732804,0.80712,112.210444,-382.5996699999946,-29.655079999999575,0.30366402000000003,0.9035599999999999,0.1,UTILIZATION,False,0
23.2,47.574766,0.944,91.598079,-131.58038000000286,-206.12365000000437,0.23787382999999998,0.972,0.0,UTILIZATION,False,0
23.3,52.285047,1.0,84.277896,47.10280999999935,-73.20182999999896,0.49693928499999673,1.0,0.0,UTILIZATION,False,0
23.4,56.574766,1.0,86.29308,42.8971900000009,20.15184000000048,0.49735978000000447,1.0,0.2007592000000024,UTILIZATION,False,0
23.5,60.686916,1.0,88.330416,41.121499999999415,20.373359999999675,0.5090420799999971,1.0,0.3018667999999984,UTILIZATION,False,0
23.6,64.556075,1.0,90.265075,38.69158999999956,19.34658999999969,0.5162383249999978,1.0,0.3967329499999984,UTILIZATION,False,0
23.7,68.266355,1.0,92.112601,37.10280000000076,18.475260000000414,0.5268457750000038,1.0,0.4923763000000021,UTILIZATION,False,0
23.8,71.748826,1.0,93.862146,34.8247099999994,17.495449999999728,0.532867679999997,1.0,0.5874772499999986,UTILIZATION,False,0
23.9,75.133803,1.0,95.463965,33.84977000000079,16.018190000000402,0.5449178650000039,1.0,0.580090950000002,UTILIZATION,False,0
24.0,78.358314,1.0,96.953124,32.24510999999947,14.891589999999796,0.5530171199999974,1.0,0.574457949999999,UTILIZATION,False,0
24.1,81.593897,1.0,98.283136,32.35582999999959,13.300119999999776,0.569748634999998,1.0,0.5665005999999989,UTILIZATION,False,0
24.2,84.123543,1.0,100.091079,25.296460000000536,18.07943000000033,0.5471000150000027,1.0,0.5903971500000016,UTILIZATION,False,0
24.3,86.748235,1.0,101.326199,26.246919999999587,12.351199999999915,0.564975774999998,1.0,0.5617559999999996,UTILIZATION,False,0
24.4,89.659624,1.0,102.130406,29.11389000000062,8.042070000000082,0.5938675700000031,1.0,0.5402103500000004,UTILIZATION,False,0
24.5,91.730047,1.0,103.938,20.704229999999757,18.075939999999832,0.5621713849999987,1.0,0.5903796999999992,UTILIZATION,False,0
24.6,93.908451,1.0,104.75481,21.784039999999695,8.168099999999923,0.5784624549999985,1.0,0.5408404999999996,UTILIZATION,False,0
24.7,96.350588,1.0,105.667224,24.421370000000547,9.124140000000176,0.6038597900000028,1.0,0.5456207000000008,UTILIZATION,False,0
24.8,97.838028,1.0,107.095,14.874399999999712,14.277759999999741,0.5635621399999986,1.0,0.5713887999999987,UTILIZATION,False,0
24.9,99.195294,1.0,107.51984,13.572660000000388,4.248400000000123,0.563839770000002,1.0,0.5212420000000006,UTILIZATION,False,0
25.0,99.5,1.0,108.710462,3.0470599999999157,11.906219999999879,0.5127352999999996,1.0,0.5595310999999994,UTILIZATION,False,0
25.1,99.5,1.0,109.621453,0.0,9.109909999999827,0.4975,1.0,0.5455495499999992,UTILIZATION,False,0
25.2,99.5,1.0,109.540425,0.0,-0.8102800000000516,0.4975,1.0,0.4,UTILIZATION,False,0
25.3,99.5,1.0,111.285245,0.0,17.448199999999794,0.4975,1.0,0.487240999999999,UTILIZATION,False,0
25.4,99.5,0.99592,111.384925,0.0,0.9967999999999434,0.4975,0.99796,0.40498399999999973,UTILIZATION,False,0
25.5,99.5,1.0,111.439358,0.0,0.5443300000000229,0.4975,1.0,0.40272165000000015,UTILIZATION,False,0
25.6,99.5,1.0,113.139321,0.0,16.999629999999726,0.4975,1.0,0.4849981499999987,UTILIZATION,False,0
25.7,99.5,1.0,113.192255,0.0,0.5293400000000872,0.4975,1.0,0.5026467000000004,UTILIZATION,False,0
25.8,99.5,1.0,113.317226,0.0,1.2497100000000039,0.4975,1.0,0.50624855,UTILIZATION,False,0
25.9,99.5,1.0,113.28467,0.0,-0.3255600000000028,0.4975,1.0,0.4,UTILIZATION,False,0
26.0,99.5,1.0,114.116,0.0,8.313299999999822,0.4975,1.0,0.44156649999999914,UTILIZATION,False,0
26.1,99.5,1.0,115.220236,0.0,11.042359999999846,0.4975,1.0,0.4552117999999993,UTILIZATION,False,0
26.2,99.5,0.99592,115.069029,0.0,-1.5120700000000264,0.4975,0.99796,0.3,UTILIZATION,False,0
26.3,99.5,1.0,115.272234,0.0,2.032049999999941,0.4975,1.0,0.3101602499999997,UTILIZATION,False,0
26.4,99.5,1.0,115.102533,0.0,-1.6970100000000705,0.4975,1.0,0.3,UTILIZATION,False,0
26.5,74.796247,0.88736,114.642833,-247.03752999999654,-4.596999999999914,0.37398123499999997,0.9436800000000001,0.2,UTILIZATION,False,0
26.6,46.408983,0.85904,98.138344,-283.8726399999959,-165.04488999999757,0.232044915,0.92952,0.1,UTILIZATION,False,0
26.7,51.051282,1.0,83.868154,46.422990000001,-142.70190000000304,0.487371360000005,1.0,0.1,UTILIZATION,False,0
26.8,55.430913,1.0,85.881944,43.79630999999934,20.137899999999714,0.49613611499999666,1.0,0.20068949999999858,UTILIZATION,False,0
26.9,59.624709,1.0,87.849278,41.937960000000956,19.67334000000036,0.5078133450000047,1.0,0.2983667000000018,UTILIZATION,False,0
27.0,63.580796,1.0,89.772199,39.560869999999404,19.22920999999975,0.5157083299999969,1.0,0.39614604999999875,UTILIZATION,False,0
27.1,67.313084,1.0,91.595353,37.32287999999951,18.231539999999764,0.5231798199999975,1.0,0.49115769999999886,UTILIZATION,False,0
27.2,70.974239,1.0,93.349206,36.61155000000072,17.538530000000296,0.5379289450000035,1.0,0.5876926500000015,UTILIZATION,False,0
27.3,74.344262,1.0,94.941537,33.70022999999956,15.92330999999979,0.5402224599999979,1.0,0.579616549999999,UTILIZATION,False,0
27.4,77.649412,1.0,96.506292,33.05150000000068,15.647550000000386,0.5535045600000034,1.0,0.578237750000002,UTILIZATION,False,0
27.5,80.752336,1.0,98.18359,31.029239999999575,16.772979999999695,0.5589078799999979,1.0,0.5838648999999985,UTILIZATION,False,0
27.6,83.341121,1.0,99.764542,25.887849999999645,15.809519999999882,0.5461448549999982,1.0,0.5790475999999994,UTILIZATION,False,0
27.7,86.169811,1.0,100.778372,28.28690000000055,10.138300000000203,0.5722835550000027,1.0,0.550691500000001,UTILIZATION,False,0
27.8,89.070258,1.0,101.964438,29.004469999999586,11.860659999999799,0.5903736399999979,1.0,0.559303299999999,UTILIZATION,False,0
27.9,91.0,1.0,103.814953,19.297420000000457,18.50515000000041,0.5514871000000023,1.0,0.5925257500000021,UTILIZATION,False,0
28.0,93.636792,1.0,104.073762,26.367919999999625,2.588089999999957,0.6000235599999981,1.0,0.5129404499999998,UTILIZATION,False,0
28.1,95.561033,1.0,105.859981,19.242409999999676,17.862189999999774,0.5740172149999984,1.0,0.5893109499999989,UTILIZATION,False,0
28.2,97.598592,1.0,106.398495,20.37559000000045,5.385140000000036,0.5898709100000022,1.0,0.5269257000000002,UTILIZATION,False,0
28.3,98.805164,1.0,107.752019,12.065719999999912,13.535239999999881,0.5543544199999996,1.0,0.5676761999999994,UTILIZATION,False,0
28.4,99.5,1.0,107.984762,6.9483600000001,2.3274300000000423,0.5322418000000005,1.0,0.5116371500000002,UTILIZATION,False,0
28.5,99.5,1.0,109.76472,0.0,17.799579999999683,0.4975,1.0,0.5889978999999984,UTILIZATION,False,0
28.6,99.5,1.0,109.340048,0.0,-4.24671999999995,0.4975,1.0,0.4,UTILIZATION,False,0
28.7,99.5,1.0,110.973745,0.0,16.336970000000328,0.4975,1.0,0.48168485000000166,UTILIZATION,False,0
28.8,99.5,1.0,111.378443,0.0,4.046980000000047,0.4975,1.0,0.42023490000000024,UTILIZATION,False,0
28.9,99.5,1.0,111.355594,0.0,-0.22849000000008376,0.4975,1.0,0.3,UTILIZATION,False,0
29.0,99.5,1.0,112.675887,0.0,13.202929999999878,0.4975,1.0,0.3660146499999994,UTILIZATION,False,0
29.1,99.5,0.99592,113.277208,0.0,6.013209999999901,0.4975,0.99796,0.43006604999999953,UTILIZATION,False,0
29.2,99.5,1.0,113.286142,0.0,0.08933999999996635,0.4975,1.0,0.30044669999999984,UTILIZATION,False,0
29.3,99.5,1.0,113.27183,0.0,-0.14312000000003675,0.4975,1.0,0.2,UTILIZATION,False,0
29.4,99.5,1.0,113.664689,0.0,3.928590000000098,0.4975,1.0,0.3196429500000005,UTILIZATION,False,0
29.5,99.5,1.0,115.129543,0.0,14.648539999999818,0.4975,1.0,0.3732426999999991,UTILIZATION,False,0
29.6,99.5,1.0,115.181664,0.0,0.521209999999989,0.4975,1.0,0.30260604999999996,UTILIZATION,False,0
29.7,99.5,1.0,115.158648,0.0,-0.23015999999998862,0.4975,1.0,0.3,UTILIZATION,False,0
29.8,99.5,1.0,115.164458,0.0,0.058099999999966796,0.4975,1.0,0.30029049999999985,UTILIZATION,False,0
29.9,89.436693,0.97232,115.2005,-100.63307000000209,0.3604200000000978,0.447183465,0.9861599999999999,0.2018021000000005,UTILIZATION,False,0
30.0,47.651961,0.75992,104.419442,-417.8473199999941,-107.81057999999848,0.238259805,0.8799600000000001,0.1,UTILIZATION,False,0
30.1,49.738928,1.0,84.277009,20.86966999999972,-201.4243299999971,0.3530429899999986,1.0,0.0,UTILIZATION,False,0
30.2,54.135514,1.0,85.222482,43.96586000000093,9.454730000000128,0.4905068700000046,1.0,0.14727365000000064,UTILIZATION,False,0
30.3,58.378505,1.0,87.196423,42.42990999999936,19.739409999999683,0.5040420749999968,1.0,0.2986970499999984,UTILIZATION,False,0
30.4,62.378505,1.0,89.238983,40.00000000000085,20.425600000000525,0.5118925250000043,1.0,0.4021280000000026,UTILIZATION,False,0
30.5,66.266355,1.0,91.006368,38.87849999999952,17.67384999999965,0.5257242749999976,1.0,0.48836924999999826,UTILIZATION,False,0
30.6,69.894366,1.0,92.810733,36.28010999999949,18.043649999999786,0.5308723799999975,1.0,0.590218249999999,UTILIZATION,False,0
30.7,73.400468,1.0,94.462593,35.06102000000073,16.518600000000344,0.5423074400000036,1.0,0.5825930000000017,UTILIZATION,False,0
30.8,76.621495,1.0,96.196197,32.21026999999947,17.336039999999752,0.5441588249999973,1.0,0.5866801999999988,UTILIZATION,False,0
30.9,79.551643,1.0,97.842673,29.30148000000065,16.46476000000042,0.5442656150000033,1.0,0.5823238000000022,UTILIZATION,False,0
31.0,82.603286,1.0,99.086458,30.516429999999552,12.437849999999706,0.5655985799999977,1.0,0.5621892499999985,UTILIZATION,False,0
31.1,85.63615,1.0,100.250749,30.328639999999606,11.642909999999892,0.579823949999998,1.0,0.5582145499999994,UTILIZATION,False,0
31.2,87.93007,1.0,102.001113,22.93920000000049,17.50364000000042,0.5543463500000024,1.0,0.5875182000000021,UTILIZATION,False,0
31.3,90.268868,1.0,103.122623,23.387979999999637,11.215099999999847,0.5682842399999982,1.0,0.5560754999999993,UTILIZATION,False,0
31.4,93.219626,1.0,103.762179,29.507580000000704,6.395560000000125,0.6136360300000036,1.0,0.5319778000000006,UTILIZATION,False,0
31.5,94.706573,1.0,105.782651,14.869469999999795,20.204719999999693,0.5478802149999991,1.0,0.6010235999999984,UTILIZATION,False,0
31.6,97.29717,1.0,105.67781,25.905969999999513,-1.0484100000000602,0.6160156999999975,1.0,0.4,UTILIZATION,False,0
31.7,98.34507,1.0,107.90629,10.479000000000351,22.284800000000523,0.5441203500000018,1.0,0.5114240000000027,UTILIZATION,False,0
31.8,99.5,1.0,107.359676,11.549299999999768,-5.466139999999975,0.5552464999999989,1.0,0.3,UTILIZATION,False,0
31.9,99.5,1.0,109.741717,0.0,23.820410000000518,0.4975,1.0,0.41910205000000256,UTILIZATION,False,0
32.0,99.5,1.0,109.361292,0.0,-3.8042499999998283,0.4975,1.0,0.2,UTILIZATION,False,0
32.1,99.5,0.99592,110.377972,0.0,10.166799999999794,0.4975,0.99796,0.350833999999999,UTILIZATION,False,0
32.2,99.5,1.0,111.391991,0.0,10.140189999999903,0.4975,1.0,0.3507009499999995,UTILIZATION,False,0
32.3,99.5,1.0,111.383953,0.0,-0.08037999999999558,0.4975,1.0,0.3,UTILIZATION,False,0
32.4,99.5,1.0,112.035557,0.0,6.516039999999826,0.4975,1.0,0.3325801999999991,UTILIZATION,False,0
32.5,99.5,1.0,113.290604,0.0,12.55046999999987,0.4975,1.0,0.46275234999999937,UTILIZATION,False,0
32.6,99.5,1.0,113.25767,0.0,-0.3293399999999689,0.4975,1.0,0.3,UTILIZATION,False,0
32.7,99.5,1.0,113.30166,0.0,0.4398999999999313,0.4975,1.0,0.20219949999999967,UTILIZATION,False,0
32.8,99.5,0.99592,113.31366,0.0,0.12000000000001138,0.4975,0.99796,0.20060000000000006,UTILIZATION,False,0
32.9,99.5,1.0,114.912415,0.0,15.987549999999743,0.4975,1.0,0.2799377499999987,UTILIZATION,False,0
33.0,99.5,1.0,115.190151,0.0,2.7773600000000047,0.4975,1.0,0.21388680000000004,UTILIZATION,False,0
33.1,99.5,1.0,115.145632,0.0,-0.4451899999999335,0.4975,1.0,0.2,UTILIZATION,False,0
33.2,99.5,1.0,115.191198,0.0,0.4556599999999313,0.4975,1.0,0.20227829999999966,UTILIZATION,False,0
33.3,96.440299,1.0,115.159581,-30.59701000000178,-0.3161699999999892,0.482201495,1.0,0.2,UTILIZATION,False,0
33.4,53.984694,0.77408,109.09434,-424.55604999999395,-60.65240999999914,0.26992347,0.88704,0.1,UTILIZATION,False,0
33.5,48.696262,0.97704,87.727313,-52.88431999999925,-213.67026999999703,0.24348130999999998,0.9885200000000001,0.0,UTILIZATION,False,0
33.6,53.214452,1.0,84.787958,45.1818999999994,-29.3935499999995,0.49198175999999705,1.0,0.0,UTILIZATION,False,0
33.7,57.429577,1.0,86.768342,42.15124999999941,19.803839999999727,0.49790413499999703,1.0,0.19901919999999865,UTILIZATION,False,0
33.8,61.518692,1.0,88.751829,40.89115000000232,19.834870000001093,0.5120492100000116,1.0,0.2991743500000055,UTILIZATION,False,0
33.9,65.365967,1.0,90.609712,38.472749999999415,18.578829999999748,0.5191935849999971,1.0,0.3928941499999987,UTILIZATION,False,0
34.0,69.058685,1.0,92.432194,36.92717999999947,18.224819999999678,0.5299293249999973,1.0,0.4911240999999984,UTILIZATION,False,0
34.1,72.565421,1.0,94.16579,35.06735999999954,17.33595999999981,0.5381639049999977,1.0,0.5866797999999991,UTILIZATION,False,0
34.2,75.812646,1.0,95.877271,32.47224999999954,17.11480999999968,0.5414244799999978,1.0,0.5855740499999984,UTILIZATION,False,0
34.3,78.960094,1.0,97.378779,31.474480000001762,15.015080000000864,0.5521728700000088,1.0,0.5750754000000043,UTILIZATION,False,0
34.4,82.105386,1.0,98.6091,31.45291999999953,12.303209999999861,0.5677915299999976,1.0,0.5615160499999993,UTILIZATION,False,0
34.5,84.941452,1.0,100.159658,28.360659999999623,15.505579999999732,0.5665105599999981,1.0,0.5775278999999987,UTILIZATION,False,0
34.6,87.312207,1.0,101.792934,23.70754999999969,16.332759999999862,0.5550987849999984,1.0,0.5816637999999993,UTILIZATION,False,0
34.7,89.938824,1.0,102.548113,26.266169999999587,7.551789999999875,0.5810249699999979,1.0,0.5377589499999994,UTILIZATION,False,0
34.8,92.481308,1.0,103.86317,25.424840000001463,13.150570000000707,0.5895307400000073,1.0,0.5657528500000035,UTILIZATION,False,0
34.9,94.213615,1.0,105.271972,17.323069999999813,14.088019999999885,0.5576834249999991,1.0,0.5704400999999995,UTILIZATION,False,0
35.0,96.852113,1.0,105.616981,26.384979999999608,3.4500899999998547,0.616185464999998,1.0,0.5172504499999993,UTILIZATION,False,0
35.1,98.033097,1.0,107.555575,11.809839999999785,19.385939999999813,0.5492146849999989,1.0,0.5969296999999991,UTILIZATION,False,0
35.2,99.44,1.0,107.381594,14.069029999999797,-1.7398099999999526,0.5675451499999989,1.0,0.4,UTILIZATION,False,0
35.3,99.5,1.0,109.290571,0.6000000000000568,19.089770000001014,0.5005000000000003,1.0,0.4954488500000051,UTILIZATION,False,0
35.4,99.5,1.0,109.457187,0.0,1.6661600000000238,0.4975,1.0,0.40833080000000016,UTILIZATION,False,0
35.5,99.5,1.0,109.908906,0.0,4.517189999999907,0.4975,1.0,0.42258594999999954,UTILIZATION,False,0
35.6,99.5,1.0,111.461648,0.0,15.52741999999973,0.4975,1.0,0.47763709999999865,UTILIZATION,False,0
35.7,99.5,1.0,111.330617,0.0,-1.3103099999999115,0.4975,1.0,0.4,UTILIZATION,False,0
35.8,99.5,0.99592,111.671724,0.0,3.4110700000001324,0.4975,0.99796,0.4170553500000007,UTILIZATION,False,0
35.9,99.5,1.0,113.219252,0.0,15.475279999999778,0.4975,1.0,0.4773763999999989,UTILIZATION,False,0
36.0,99.5,1.0,113.283038,0.0,0.6378600000000654,0.4975,1.0,0.40318930000000036,UTILIZATION,False,0
36.1,99.5,1.0,113.258774,0.0,-0.2426400000000194,0.4975,1.0,0.3,UTILIZATION,False,0
36.2,99.5,1.0,113.308302,0.0,0.49527999999994426,0.4975,1.0,0.3024763999999997,UTILIZATION,False,0
36.3,99.5,1.0,114.478019,0.0,11.697170000000721,0.4975,1.0,0.3584858500000036,UTILIZATION,False,0
36.4,99.5,1.0,115.181132,0.0,7.031129999999919,0.4975,1.0,0.3351556499999996,UTILIZATION,False,0
36.5,99.5,0.99592,115.154915,0.0,-0.2621700000000223,0.4975,0.99796,0.2,UTILIZATION,False,0
36.6,99.5,1.0,115.17317,0.0,0.182549999999961,0.4975,1.0,0.2009127499999998,UTILIZATION,False,0
36.7,99.012048,1.0,115.181047,-4.879520000000001,0.07877000000007571,0.49506024,1.0,0.2003938500000004,UTILIZATION,False,0
36.8,62.329787,0.80712,112.034808,-366.82261000002075,-31.46239000000187,0.311648935,0.9035599999999999,0.1,UTILIZATION,False,0
36.9,47.737819,0.93928,92.440962,-145.91967999999795,-195.9384599999972,0.23868909500000002,0.9696400000000001,0.0,UTILIZATION,False,0
37.0,52.310023,1.0,84.292903,45.722039999999346,-81.48058999999888,0.4901603149999968,1.0,0.0,UTILIZATION,False,0
37.1,56.676815,1.0,86.373841,43.66791999999935,20.809379999999738,0.5017236749999967,1.0,0.2040468999999987,UTILIZATION,False,0
37.2,60.793023,1.0,88.394814,41.16207999999942,20.20972999999969,0.5097755149999971,1.0,0.3010486499999985,UTILIZATION,False,0
37.3,64.697183,1.0,90.284247,39.04160000000219,18.89433000000104,0.5186939150000109,1.0,0.39447165000000517,UTILIZATION,False,0
37.4,68.412178,1.0,92.103234,37.14994999999949,18.18986999999981,0.5278106399999974,1.0,0.49094934999999906,UTILIZATION,False,0
37.5,71.901869,1.0,93.896387,34.89690999999958,17.931529999999782,0.5339938949999979,1.0,0.5896576499999989,UTILIZATION,False,0
37.6,75.194836,1.0,95.53845,32.92966999999943,16.420629999999697,0.5406225299999972,1.0,0.5821031499999985,UTILIZATION,False,0
37.7,78.429577,1.0,96.994212,32.347409999999535,14.557619999999865,0.5538849349999977,1.0,0.5727880999999994,UTILIZATION,False,0
37.8,81.590164,1.0,98.372411,31.605870000001865,13.781990000000734,0.5659801700000093,1.0,0.5689099500000037,UTILIZATION,False,0
37.9,84.346604,1.0,100.026201,27.564399999999587,16.537899999999773,0.5595550199999979,1.0,0.5826894999999989,UTILIZATION,False,0
38.0,86.7723,1.0,101.428088,24.256959999999676,14.018869999999822,0.5551462999999984,1.0,0.5700943499999991,UTILIZATION,False,0
38.1,89.669014,1.0,102.241819,28.967139999999617,8.137309999999927,0.5931807699999981,1.0,0.5406865499999997,UTILIZATION,False,0
38.2,91.800469,1.0,103.861991,21.314549999999723,16.201719999999735,0.5655750949999987,1.0,0.5810085999999987,UTILIZATION,False,0
38.3,93.964871,1.0,104.881943,21.644020000001184,10.199520000000614,0.5780444550000059,1.0,0.5509976000000031,UTILIZATION,False,0
38.4,96.382629,1.0,105.608349,24.177579999999576,7.264059999999869,0.6028010449999979,1.0,0.5363202999999993,UTILIZATION,False,0
38.5,97.839243,1.0,107.145425,14.56613999999981,15.370759999999771,0.562026914999999,1.0,0.5768537999999989,UTILIZATION,False,0
38.6,99.313817,1.0,107.487311,14.74573999999983,3.418859999999975,0.5702977849999992,1.0,0.5170942999999999,UTILIZATION,False,0
38.7,99.5,0.99592,108.785132,1.8618299999999712,12.978209999999805,0.5068091499999998,0.99796,0.5648910499999991,UTILIZATION,False,0
38.8,99.5,1.0,109.624067,0.0,8.389350000000398,0.4975,1.0,0.541946750000002,UTILIZATION,False,0
38.9,99.5,1.0,109.577103,0.0,-0.46964000000002004,0.4975,1.0,0.4,UTILIZATION,False,0
39.0,99.5,1.0,111.346255,0.0,17.6915199999998,0.4975,1.0,0.48845759999999905,UTILIZATION,False,0
39.1,99.5,1.0,111.371566,0.0,0.2531100000000172,0.4975,1.0,0.30126555000000005,UTILIZATION,False,0
39.2,99.5,1.0,111.492123,0.0,1.2055700000000342,0.4975,1.0,0.30602785000000016,UTILIZATION,False,0
39.3,99.5,1.0,113.048352,0.0,15.562290000000761,0.4975,1.0,0.3778114500000038,UTILIZATION,False,0
39.4,99.5,1.0,113.247383,0.0,1.9903100000000225,0.4975,1.0,0.4099515500000001,UTILIZATION,False,0
39.5,99.5,0.99592,113.30801,0.0,0.6062699999999579,0.4975,0.99796,0.4030313499999998,UTILIZATION,False,0
39.6,99.5,1.0,113.268103,0.0,-0.39906999999998904,0.4975,1.0,0.4,UTILIZATION,False,0
39.7,99.5,1.0,114.15099,0.0,8.82886999999984,0.4975,1.0,0.44414434999999924,UTILIZATION,False,0
39.8,99.5,1.0,115.213858,0.0,10.628680000000692,0.4975,1.0,0.45314340000000347,UTILIZATION,False,0
39.9,99.5,1.0,115.12733,0.0,-0.8652800000000004,0.4975,1.0,0.3,UTILIZATION,False,0
