time,queue,utilization,rtt_ms
1.10000,7.250000,0.090432,60.949882
1.20000,17.372671,0.443680,66.822827
1.30000,49.473888,0.736320,70.239842
1.40000,99.500000,1.000000,85.179130
1.50000,99.500000,1.000000,125.598024
1.60000,99.500000,0.989312,154.784300
1.80000,78.953488,0.199728,154.986000
1.90000,99.500000,1.000000,104.093221
2.00000,99.500000,1.000000,161.223750
2.20000,75.703158,0.942512,164.139125
2.30000,81.305483,0.968784,113.694044
2.40000,44.712589,0.826000,102.356684
2.50000,47.485915,1.000000,82.992770
2.60000,50.566745,1.000000,84.103425
2.70000,53.190141,1.000000,85.190074
2.80000,55.199531,1.000000,86.935885
2.90000,57.440000,1.000000,87.657990
3.00000,59.920375,1.000000,88.626897
3.10000,61.655660,1.000000,90.120648
3.20000,64.526932,1.000000,90.364672
3.30000,65.896956,1.000000,92.500384
3.40000,68.528302,1.000000,92.345175
3.50000,69.985882,1.000000,94.436628
3.60000,71.878220,1.000000,94.058449
3.70000,72.470449,0.995920,95.364633
3.80000,73.640845,1.000000,96.527478
3.90000,74.858491,1.000000,95.945904
4.00000,76.675294,1.000000,96.188598
4.10000,76.141509,1.000000,98.156844
4.20000,76.640845,1.000000,98.259757
4.30000,78.301887,1.000000,98.027161
4.40000,79.000000,1.000000,97.864635
4.50000,79.000000,1.000000,98.171402
4.60000,80.697183,1.000000,98.174741
4.70000,80.130332,0.991200,100.008175
4.80000,80.002364,1.000000,100.158973
4.90000,80.000000,1.000000,100.063245
5.00000,80.000000,1.000000,100.062274
5.10000,80.000000,1.000000,100.065568
5.20000,80.000000,1.000000,100.065953
5.30000,80.000000,1.000000,100.065481
5.40000,80.000000,1.000000,100.064965
5.50000,80.000000,1.000000,100.062426
5.60000,80.000000,1.000000,100.060056
5.70000,80.000000,1.000000,100.065686
5.80000,79.997636,1.000000,100.065648
5.90000,80.595294,0.995920,100.062209
6.00000,82.312207,1.000000,99.930106
6.10000,83.870892,1.000000,99.732496
6.20000,84.570071,0.995920,100.904374
6.30000,85.086854,1.000000,102.227726
6.40000,86.542254,1.000000,101.755472
6.50000,88.194836,1.000000,101.673292
6.60000,88.466825,0.991200,103.086733
6.70000,89.500000,1.000000,104.112057
6.80000,90.764151,1.000000,103.514168
6.90000,92.542254,1.000000,103.681113
7.00000,92.264775,1.000000,105.342800
7.10000,93.561033,1.000000,105.930538
7.20000,94.716981,1.000000,105.438500
7.30000,96.640845,1.000000,105.520868
7.40000,96.234597,0.991200,107.316792
7.50000,97.654930,1.000000,107.801906
7.60000,98.762911,1.000000,107.310632
7.70000,99.453901,1.000000,107.418292
7.80000,99.500000,1.000000,109.062613
7.90000,99.500000,1.000000,109.735457
8.00000,99.500000,1.000000,109.349037
8.10000,99.500000,1.000000,109.315632
8.20000,99.500000,1.000000,110.611105
8.30000,99.500000,1.000000,111.474206
8.40000,99.500000,1.000000,111.212019
8.50000,99.500000,0.995920,111.486519
8.60000,99.500000,1.000000,112.161829
8.70000,99.500000,1.000000,113.266160
8.80000,99.500000,1.000000,113.291443
8.90000,99.500000,1.000000,113.260500
9.00000,99.500000,1.000000,113.587283
9.10000,99.500000,1.000000,115.122830
9.20000,99.500000,0.995920,115.162519
9.30000,99.500000,1.000000,115.182024
9.40000,70.035230,0.859040,113.724200
9.50000,46.778555,0.887360,96.306462
9.60000,51.484778,1.000000,83.934857
9.70000,55.845794,1.000000,86.009401
9.80000,60.004673,1.000000,88.033506
9.90000,63.918033,1.000000,89.965104
10.00000,67.612150,1.000000,91.807314
10.10000,71.231850,1.000000,93.495793
10.20000,74.676815,1.000000,95.124724
10.30000,77.925059,1.000000,96.632996
10.40000,81.044601,1.000000,98.214651
10.50000,83.584112,1.000000,99.890677
10.60000,86.367925,1.000000,100.986175
10.70000,89.356643,1.000000,102.019123
10.80000,91.223005,1.000000,103.854123
10.90000,93.750000,1.000000,104.329286
11.00000,95.833333,1.000000,105.807486
11.10000,97.701878,1.000000,106.580152
11.20000,98.950704,1.000000,107.671542
11.30000,99.500000,1.000000,108.217076
11.40000,99.500000,0.995920,109.752604
11.50000,99.500000,1.000000,109.337430
11.60000,99.500000,1.000000,111.222000
11.70000,99.500000,1.000000,111.326387
11.80000,99.500000,1.000000,111.392509
11.90000,99.500000,1.000000,112.823925
12.00000,99.500000,1.000000,113.302160
12.10000,99.500000,1.000000,113.250481
12.20000,99.500000,0.995920,113.318743
12.30000,99.500000,1.000000,113.777093
12.40000,99.500000,1.000000,115.189657
12.50000,99.500000,1.000000,115.159355
12.60000,99.500000,1.000000,115.146562
12.70000,99.500000,1.000000,115.217312
12.80000,78.105405,0.896800,114.995750
12.90000,46.386792,0.844880,99.476406
13.00000,50.761682,1.000000,83.689483
13.10000,55.200466,1.000000,85.746278
13.20000,59.387850,1.000000,87.720694
13.30000,63.365967,1.000000,89.687193
13.40000,67.157277,1.000000,91.510836
13.50000,70.766355,1.000000,93.221699
13.60000,74.187354,1.000000,94.859763
13.70000,77.542254,1.000000,96.451089
13.80000,80.490654,1.000000,98.129277
13.90000,83.223005,1.000000,99.667642
14.00000,86.075294,1.000000,100.640373
14.10000,88.883450,1.000000,101.985858
14.20000,90.842723,1.000000,103.689000
14.30000,93.617925,1.000000,104.019245
14.40000,95.407494,1.000000,105.883708
14.50000,97.542453,1.000000,106.273066
14.60000,98.720657,1.000000,107.729613
14.70000,99.500000,1.000000,107.829352
14.80000,99.500000,1.000000,109.848692
14.90000,99.500000,1.000000,109.246557
15.00000,99.500000,1.000000,110.898010
15.10000,99.500000,0.995920,111.447449
15.20000,99.500000,1.000000,111.346410
15.30000,99.500000,1.000000,112.544028
15.40000,99.500000,1.000000,113.279792
15.50000,99.500000,1.000000,113.253925
15.60000,99.500000,1.000000,113.314642
15.70000,99.500000,1.000000,113.563849
15.80000,99.500000,1.000000,115.149943
15.90000,99.500000,0.995920,115.137811
16.00000,99.500000,1.000000,115.184028
16.10000,99.500000,1.000000,115.179010
16.20000,90.515464,0.986480,115.091571
16.30000,47.970516,0.750480,105.147393
16.40000,49.570093,1.000000,84.563175
16.50000,53.995338,1.000000,85.135148
16.60000,58.243560,1.000000,87.136991
16.70000,62.257009,1.000000,89.152154
16.80000,66.119438,1.000000,90.971774
16.90000,69.789720,1.000000,92.766991
17.00000,73.301176,1.000000,94.419080
17.10000,76.481395,1.000000,96.181416
17.20000,79.467136,1.000000,97.800002
17.30000,82.528169,1.000000,99.002359
17.40000,85.609412,1.000000,100.222231
17.50000,87.789720,1.000000,102.015811
17.60000,90.251765,1.000000,103.026352
17.70000,93.093677,1.000000,103.769170
17.80000,94.603286,1.000000,105.723299
17.90000,97.232394,1.000000,105.617819
18.00000,98.279343,1.000000,107.926458
18.10000,99.500000,1.000000,107.316981
18.20000,99.500000,1.000000,109.731255
18.30000,99.500000,1.000000,109.360585
18.40000,99.500000,1.000000,110.311528
18.50000,99.500000,1.000000,111.400028
18.60000,99.500000,1.000000,111.381189
18.70000,99.500000,1.000000,111.995670
18.80000,99.500000,0.995920,113.273849
18.90000,99.500000,1.000000,113.276321
19.00000,99.500000,1.000000,113.275887
19.10000,99.500000,1.000000,113.301066
19.20000,99.500000,1.000000,114.888179
19.30000,99.500000,1.000000,115.165840
19.40000,99.500000,1.000000,115.164810
19.50000,99.500000,0.995920,115.172505
19.60000,96.055000,1.000000,115.154293
19.70000,52.826531,0.764640,108.932020
19.80000,48.644860,1.000000,87.166530
19.90000,53.130536,1.000000,84.671285
20.00000,57.443925,1.000000,86.712013
20.10000,61.471963,1.000000,88.760570
20.20000,65.369159,1.000000,90.618589
20.30000,69.091549,1.000000,92.450786
20.40000,72.532710,1.000000,94.176335
20.50000,75.721311,1.000000,95.914243
20.60000,78.983607,1.000000,97.299318
20.70000,82.028235,1.000000,98.635405
20.80000,84.955504,1.000000,100.090643
20.90000,87.266355,1.000000,101.796258
21.00000,89.900943,1.000000,102.556632
21.10000,92.443925,1.000000,103.829802
21.20000,94.199531,1.000000,105.352962
21.30000,96.905660,1.000000,105.507038
21.40000,98.030445,1.000000,107.607243
21.50000,99.457547,1.000000,107.319343
21.60000,99.500000,1.000000,109.281972
21.70000,99.500000,1.000000,109.505396
21.80000,99.500000,0.995920,109.876019
21.90000,99.500000,1.000000,111.463245
22.00000,99.500000,1.000000,111.313792
22.10000,99.500000,1.000000,111.691575
22.20000,99.500000,1.000000,113.210604
22.30000,99.500000,1.000000,113.285142
22.40000,99.500000,1.000000,113.276858
22.50000,99.500000,0.995920,113.282934
22.60000,99.500000,1.000000,114.528377
22.70000,99.500000,1.000000,115.146019
22.80000,99.500000,1.000000,115.187274
22.90000,99.500000,1.000000,115.160415
23.00000,98.992771,1.000000,115.175952
23.10000,60.732804,0.807120,112.210444
23.20000,47.574766,0.944000,91.598079
23.30000,52.285047,1.000000,84.277896
23.40000,56.574766,1.000000,86.293080
23.50000,60.686916,1.000000,88.330416
23.60000,64.556075,1.000000,90.265075
23.70000,68.266355,1.000000,92.112601
23.80000,71.748826,1.000000,93.862146
23.90000,75.133803,1.000000,95.463965
24.00000,78.358314,1.000000,96.953124
24.10000,81.593897,1.000000,98.283136
24.20000,84.123543,1.000000,100.091079
24.30000,86.748235,1.000000,101.326199
24.40000,89.659624,1.000000,102.130406
24.50000,91.730047,1.000000,103.938000
24.60000,93.908451,1.000000,104.754810
24.70000,96.350588,1.000000,105.667224
24.80000,97.838028,1.000000,107.095000
24.90000,99.195294,1.000000,107.519840
25.00000,99.500000,1.000000,108.710462
25.10000,99.500000,1.000000,109.621453
25.20000,99.500000,1.000000,109.540425
25.30000,99.500000,1.000000,111.285245
25.40000,99.500000,0.995920,111.384925
25.50000,99.500000,1.000000,111.439358
25.60000,99.500000,1.000000,113.139321
25.70000,99.500000,1.000000,113.192255
25.80000,99.500000,1.000000,113.317226
25.90000,99.500000,1.000000,113.284670
26.00000,99.500000,1.000000,114.116000
26.10000,99.500000,1.000000,115.220236
26.20000,99.500000,0.995920,115.069029
26.30000,99.500000,1.000000,115.272234
26.40000,99.500000,1.000000,115.102533
26.50000,74.796247,0.887360,114.642833
26.60000,46.408983,0.859040,98.138344
26.70000,51.051282,1.000000,83.868154
26.80000,55.430913,1.000000,85.881944
26.90000,59.624709,1.000000,87.849278
27.00000,63.580796,1.000000,89.772199
27.10000,67.313084,1.000000,91.595353
27.20000,70.974239,1.000000,93.349206
27.30000,74.344262,1.000000,94.941537
27.40000,77.649412,1.000000,96.506292
27.50000,80.752336,1.000000,98.183590
27.60000,83.341121,1.000000,99.764542
27.70000,86.169811,1.000000,100.778372
27.80000,89.070258,1.000000,101.964438
27.90000,91.000000,1.000000,103.814953
28.00000,93.636792,1.000000,104.073762
28.10000,95.561033,1.000000,105.859981
28.20000,97.598592,1.000000,106.398495
28.30000,98.805164,1.000000,107.752019
28.40000,99.500000,1.000000,107.984762
28.50000,99.500000,1.000000,109.764720
28.60000,99.500000,1.000000,109.340048
28.70000,99.500000,1.000000,110.973745
28.80000,99.500000,1.000000,111.378443
28.90000,99.500000,1.000000,111.355594
29.00000,99.500000,1.000000,112.675887
29.10000,99.500000,0.995920,113.277208
29.20000,99.500000,1.000000,113.286142
29.30000,99.500000,1.000000,113.271830
29.40000,99.500000,1.000000,113.664689
29.50000,99.500000,1.000000,115.129543
29.60000,99.500000,1.000000,115.181664
29.70000,99.500000,1.000000,115.158648
29.80000,99.500000,1.000000,115.164458
29.90000,89.436693,0.972320,115.200500
30.00000,47.651961,0.759920,104.419442
30.10000,49.738928,1.000000,84.277009
30.20000,54.135514,1.000000,85.222482
30.30000,58.378505,1.000000,87.196423
30.40000,62.378505,1.000000,89.238983
30.50000,66.266355,1.000000,91.006368
30.60000,69.894366,1.000000,92.810733
30.70000,73.400468,1.000000,94.462593
30.80000,76.621495,1.000000,96.196197
30.90000,79.551643,1.000000,97.842673
31.00000,82.603286,1.000000,99.086458
31.10000,85.636150,1.000000,100.250749
31.20000,87.930070,1.000000,102.001113
31.30000,90.268868,1.000000,103.122623
31.40000,93.219626,1.000000,103.762179
31.50000,94.706573,1.000000,105.782651
31.60000,97.297170,1.000000,105.677810
31.70000,98.345070,1.000000,107.906290
31.80000,99.500000,1.000000,107.359676
31.90000,99.500000,1.000000,109.741717
32.00000,99.500000,1.000000,109.361292
32.10000,99.500000,0.995920,110.377972
32.20000,99.500000,1.000000,111.391991
32.30000,99.500000,1.000000,111.383953
32.40000,99.500000,1.000000,112.035557
32.50000,99.500000,1.000000,113.290604
32.60000,99.500000,1.000000,113.257670
32.70000,99.500000,1.000000,113.301660
32.80000,99.500000,0.995920,113.313660
32.90000,99.500000,1.000000,114.912415
33.00000,99.500000,1.000000,115.190151
33.10000,99.500000,1.000000,115.145632
33.20000,99.500000,1.000000,115.191198
33.30000,96.440299,1.000000,115.159581
33.40000,53.984694,0.774080,109.094340
33.50000,48.696262,0.977040,87.727313
33.60000,53.214452,1.000000,84.787958
33.70000,57.429577,1.000000,86.768342
33.80000,61.518692,1.000000,88.751829
33.90000,65.365967,1.000000,90.609712
34.00000,69.058685,1.000000,92.432194
34.10000,72.565421,1.000000,94.165790
34.20000,75.812646,1.000000,95.877271
34.30000,78.960094,1.000000,97.378779
34.40000,82.105386,1.000000,98.609100
34.50000,84.941452,1.000000,100.159658
34.60000,87.312207,1.000000,101.792934
34.70000,89.938824,1.000000,102.548113
34.80000,92.481308,1.000000,103.863170
34.90000,94.213615,1.000000,105.271972
35.00000,96.852113,1.000000,105.616981
35.10000,98.033097,1.000000,107.555575
35.20000,99.440000,1.000000,107.381594
35.30000,99.500000,1.000000,109.290571
35.40000,99.500000,1.000000,109.457187
35.50000,99.500000,1.000000,109.908906
35.60000,99.500000,1.000000,111.461648
35.70000,99.500000,1.000000,111.330617
35.80000,99.500000,0.995920,111.671724
35.90000,99.500000,1.000000,113.219252
36.00000,99.500000,1.000000,113.283038
36.10000,99.500000,1.000000,113.258774
36.20000,99.500000,1.000000,113.308302
36.30000,99.500000,1.000000,114.478019
36.40000,99.500000,1.000000,115.181132
36.50000,99.500000,0.995920,115.154915
36.60000,99.500000,1.000000,115.173170
36.70000,99.012048,1.000000,115.181047
36.80000,62.329787,0.807120,112.034808
36.90000,47.737819,0.939280,92.440962
37.00000,52.310023,1.000000,84.292903
37.10000,56.676815,1.000000,86.373841
37.20000,60.793023,1.000000,88.394814
37.30000,64.697183,1.000000,90.284247
37.40000,68.412178,1.000000,92.103234
37.50000,71.901869,1.000000,93.896387
37.60000,75.194836,1.000000,95.538450
37.70000,78.429577,1.000000,96.994212
37.80000,81.590164,1.000000,98.372411
37.90000,84.346604,1.000000,100.026201
38.00000,86.772300,1.000000,101.428088
38.10000,89.669014,1.000000,102.241819
38.20000,91.800469,1.000000,103.861991
38.30000,93.964871,1.000000,104.881943
38.40000,96.382629,1.000000,105.608349
38.50000,97.839243,1.000000,107.145425
38.60000,99.313817,1.000000,107.487311
38.70000,99.500000,0.995920,108.785132
38.80000,99.500000,1.000000,109.624067
38.90000,99.500000,1.000000,109.577103
39.00000,99.500000,1.000000,111.346255
39.10000,99.500000,1.000000,111.371566
39.20000,99.500000,1.000000,111.492123
39.30000,99.500000,1.000000,113.048352
39.40000,99.500000,1.000000,113.247383
39.50000,99.500000,0.995920,113.308010
39.60000,99.500000,1.000000,113.268103
39.70000,99.500000,1.000000,114.150990
39.80000,99.500000,1.000000,115.213858
39.90000,99.500000,1.000000,115.127330
