time,throughput_mbps
1.1,0.8
1.2,1.45792
1.3,5.53152
1.4,9.09056
1.5,9.09056
1.6,3.38752
1.7,0
1.8,18.8019
1.9,9.08288
2,7.17184
2.1,0
2.2,9.94752
2.3,19.1123
2.4,8.992
2.5,9.04768
2.6,9.09056
2.7,9.09056
2.8,9.09056
2.9,9.09056
3,9.09056
3.1,9.09056
3.2,9.09056
3.3,9.04768
3.4,9.09056
3.5,9.09056
3.6,9.09056
3.7,9.09056
3.8,9.09056
3.9,9.09056
4,9.04768
4.1,9.09056
4.2,9.09056
4.3,9.09056
4.4,9.09056
4.5,9.09056
4.6,9.09056
4.7,9.04768
4.8,9.09056
4.9,9.09056
5,9.09056
5.1,9.09056
5.2,9.09056
5.3,9.09056
5.4,9.09056
5.5,9.04768
5.6,9.09056
5.7,9.09056
5.8,9.09056
5.9,9.09056
6,9.09056
6.1,9.09056
6.2,9.04768
6.3,9.09056
6.4,9.09056
6.5,9.09056
6.6,9.09056
6.7,9.09056
6.8,9.09056
6.9,9.09056
7,9.04768
7.1,9.09056
7.2,9.09056
7.3,9.09056
7.4,9.09056
7.5,9.09056
7.6,9.09056
7.7,9.04768
7.8,9.09056
7.9,9.09056
8,9.09056
8.1,9.09056
8.2,9.09056
8.3,9.09056
8.4,9.04768
8.5,9.09056
8.6,9.09056
8.7,9.09056
8.8,9.09056
8.9,9.09056
9,9.09056
9.1,9.09056
9.2,9.04768
9.3,8.31872
9.4,5.7888
9.5,13.1642
9.6,9.09056
9.7,9.09056
9.8,9.09056
9.9,9.04768
10,9.09056
10.1,9.09056
10.2,9.09056
10.3,9.09056
10.4,9.09056
10.5,9.09056
10.6,9.04768
10.7,9.09056
10.8,9.09056
10.9,9.09056
11,9.09056
11.1,9.09056
11.2,9.09056
11.3,9.09056
11.4,9.04768
11.5,9.09056
11.6,9.09056
11.7,9.09056
11.8,9.09056
11.9,9.09056
12,9.09056
12.1,9.04768
12.2,9.09056
12.3,9.09056
12.4,9.09056
12.5,9.09056
12.6,9.09056
12.7,9.0048
12.8,0.98624
12.9,17.2378
13,9.09056
13.1,9.09056
13.2,9.09056
13.3,9.09056
13.4,9.09056
13.5,9.09056
13.6,9.04768
13.7,9.09056
13.8,9.09056
13.9,9.09056
14,9.09056
14.1,9.09056
14.2,9.09056
14.3,9.04768
14.4,9.09056
14.5,9.09056
14.6,9.09056
14.7,9.09056
14.8,9.09056
14.9,9.09056
15,9.09056
15.1,9.04768
15.2,9.09056
15.3,9.09056
15.4,9.09056
15.5,9.09056
15.6,9.09056
15.7,9.09056
15.8,9.04768
15.9,9.09056
16,9.09056
16.1,9.09056
16.2,3.4304
16.3,14.7507
16.4,9.09056
16.5,9.04768
16.6,9.09056
16.7,9.09056
16.8,9.09056
16.9,9.09056
17,9.09056
17.1,9.09056
17.2,9.09056
17.3,9.04768
17.4,9.09056
17.5,9.09056
17.6,9.09056
17.7,9.09056
17.8,9.09056
17.9,9.09056
18,9.04768
18.1,9.09056
18.2,9.09056
18.3,9.09056
18.4,9.09056
18.5,9.09056
18.6,9.09056
18.7,9.09056
18.8,9.04768
18.9,9.09056
19,9.09056
19.1,9.09056
19.2,9.09056
19.3,9.09056
19.4,9.09056
19.5,9.04768
19.6,5.31712
19.7,12.864
19.8,9.09056
19.9,9.09056
20,9.09056
20.1,9.09056
20.2,9.04768
20.3,9.09056
20.4,9.09056
20.5,9.09056
20.6,9.09056
20.7,9.09056
20.8,9.09056
20.9,9.09056
21,9.04768
21.1,9.09056
21.2,9.09056
21.3,9.09056
21.4,9.09056
21.5,9.09056
21.6,9.09056
21.7,9.04768
21.8,9.09056
21.9,9.09056
22,9.09056
22.1,9.09056
22.2,9.09056
22.3,9.09056
22.4,9.04768
22.5,9.09056
22.6,9.09056
22.7,9.09056
22.8,9.09056
22.9,9.09056
23,7.20384
23.1,6.0032
23.2,14.0218
23.3,9.09056
23.4,9.09056
23.5,9.09056
23.6,9.09056
23.7,9.09056
23.8,9.09056
23.9,9.04768
24,9.09056
24.1,9.09056
24.2,9.09056
24.3,9.09056
24.4,9.09056
24.5,9.09056
24.6,9.09056
24.7,9.04768
24.8,9.09056
24.9,9.09056
25,9.09056
25.1,9.09056
25.2,9.09056
25.3,9.09056
25.4,9.04768
25.5,9.09056
25.6,9.09056
25.7,9.09056
25.8,9.09056
25.9,9.09056
26,9.09056
26.1,9.04768
26.2,9.09056
26.3,9.09056
26.4,8.74752
26.5,0.77184
26.6,17.7523
26.7,9.09056
26.8,9.09056
26.9,9.04768
27,9.09056
27.1,9.09056
27.2,9.09056
27.3,9.09056
27.4,9.09056
27.5,9.09056
27.6,9.04768
27.7,9.09056
27.8,9.09056
27.9,9.09056
28,9.09056
28.1,9.09056
28.2,9.09056
28.3,9.04768
28.4,9.09056
28.5,9.09056
28.6,9.09056
28.7,9.09056
28.8,9.09056
28.9,9.09056
29,9.09056
29.1,9.04768
29.2,9.09056
29.3,9.09056
29.4,9.09056
29.5,9.09056
29.6,9.09056
29.7,9.09056
29.8,9.04768
29.9,3.17312
30,15.008
30.1,9.09056
30.2,9.09056
30.3,9.09056
30.4,9.09056
30.5,9.09056
30.6,9.04768
30.7,9.09056
30.8,9.09056
30.9,9.09056
31,9.09056
31.1,9.09056
31.2,9.09056
31.3,9.04768
31.4,9.09056
31.5,9.09056
31.6,9.09056
31.7,9.09056
31.8,9.09056
31.9,9.09056
32,9.04768
32.1,9.09056
32.2,9.09056
32.3,9.09056
32.4,9.09056
32.5,9.09056
32.6,9.09056
32.7,9.09056
32.8,9.04768
32.9,9.09056
33,9.09056
33.1,9.09056
33.2,9.09056
33.3,5.44576
33.4,12.7354
33.5,9.04768
33.6,9.09056
33.7,9.09056
33.8,9.09056
33.9,9.09056
34,9.09056
34.1,9.09056
34.2,9.04768
34.3,9.09056
34.4,9.09056
34.5,9.09056
34.6,9.09056
34.7,9.09056
34.8,9.09056
34.9,9.09056
35,9.04768
35.1,9.09056
35.2,9.09056
35.3,9.09056
35.4,9.09056
35.5,9.09056
35.6,9.09056
35.7,9.04768
35.8,9.09056
35.9,9.09056
36,9.09056
36.1,9.09056
36.2,9.09056
36.3,9.09056
36.4,9.09056
36.5,9.04768
36.6,9.09056
36.7,7.03232
36.8,6.56064
36.9,13.6787
37,9.09056
37.1,9.09056
37.2,9.04768
37.3,9.09056
37.4,9.09056
37.5,9.09056
37.6,9.09056
37.7,9.09056
37.8,9.09056
37.9,9.04768
38,9.09056
38.1,9.09056
38.2,9.09056
38.3,9.09056
38.4,9.09056
38.5,9.09056
38.6,9.09056
38.7,9.04768
38.8,9.09056
38.9,9.09056
39,9.09056
39.1,9.09056
39.2,9.09056
39.3,9.09056
39.4,9.04768
39.5,9.09056
39.6,9.09056
39.7,9.09056
39.8,9.09056
39.9,9.09056
