time,queue,utilization,rtt_ms,throughput_mbps
0.0,7.718,0.46953,25.56,6.158
0.2,8.257,0.47897,25.394,6.506
0.4,7.657,0.48397,25.468,6.173
0.6,8.47,0.49867,25.557,6.279
0.8,8.983,0.50511,25.803,6.417
1.0,9.721,0.48078,25.976,6.332
1.2,8.56,0.48547,25.813,6.753
1.4,8.778,0.50177,25.996,6.398
1.6,9.511,0.4884,25.809,6.265
1.8,9.855,0.50133,25.949,6.568
2.0,9.608,0.49924,26.172,6.659
2.2,9.373,0.50897,26.087,6.8
2.4,10.231,0.5016,26.284,6.194
2.6,9.796,0.51662,25.96,6.491
2.8,9.234,0.51461,26.204,6.558
3.0,10.596,0.50434,26.167,6.575
3.2,10.127,0.50867,26.207,6.856
3.4,9.942,0.51467,25.87,6.661
3.6,10.183,0.52401,26.141,6.328
3.8,9.71,0.51345,25.781,6.469
4.0,9.287,0.49579,25.749,6.715
4.2,9.133,0.49832,25.829,6.797
4.4,8.946,0.50273,25.835,6.807
4.6,10.002,0.51329,25.665,6.432
4.8,9.125,0.51179,25.871,6.221
5.0,8.679,0.48991,25.513,6.488
5.2,9.174,0.48835,25.351,6.435
5.4,8.646,0.49481,25.66,6.652
5.6,8.695,0.49358,25.479,6.143
5.8,9.118,0.49558,25.49,6.738
6.0,8.11,0.4812,25.115,6.607
6.2,7.383,0.46827,25.093,6.23
6.4,7.627,0.46483,24.95,6.221
6.6,7.047,0.47118,24.905,6.799
6.8,7.671,0.46179,24.947,6.378
7.0,7.081,0.45816,25.143,6.894
7.2,7.061,0.46624,24.801,6.182
7.4,6.689,0.45705,25.07,6.229
7.6,6.013,0.47517,24.929,6.217
7.8,6.694,0.44518,24.916,6.883
8.0,7.068,0.46318,24.804,6.393
8.2,5.831,0.46361,24.917,6.723
8.4,5.984,0.44554,25.04,6.888
8.6,6.732,0.4617,25.063,6.692
8.8,5.66,0.45198,24.906,6.123
9.0,5.29,0.44406,24.902,6.654
9.2,6.743,0.44861,25.216,6.89
9.4,6.728,0.44594,24.978,6.281
9.6,5.522,0.44125,25.193,6.82
9.8,6.58,0.44991,25.264,6.74
10.0,10.082,0.60642,25.889,6.726
10.2,12.341,0.60312,25.554,6.767
10.4,12.489,0.62003,26.452,6.489
10.6,13.677,0.62987,26.531,6.344
10.8,14.252,0.60205,26.965,6.889
11.0,15.492,0.63306,27.326,6.806
11.2,17.182,0.62595,26.958,6.327
11.4,19.783,0.63399,27.595,7.099
11.6,20.142,0.64687,28.164,6.557
11.8,21.277,0.62772,28.032,6.893
12.0,22.846,0.63676,28.286,7.188
12.2,24.631,0.64233,28.993,7.219
12.4,26.39,0.66471,29.277,6.957
12.6,28.234,0.63275,29.577,6.714
12.8,28.831,0.66797,29.713,6.983
13.0,31.891,0.66226,30.183,7.055
13.2,33.135,0.67537,30.352,7.124
13.4,34.058,0.65908,31.225,7.118
13.6,36.162,0.6824,31.671,7.103
13.8,37.672,0.67622,31.677,7.338
14.0,38.686,0.68133,31.968,7.573
14.2,40.434,0.69906,32.647,7.064
14.4,41.33,0.70573,32.863,7.002
14.6,41.553,0.68968,32.534,7.121
14.8,42.483,0.70278,33.375,7.682
15.0,43.609,0.70864,33.535,7.114
15.2,45.978,0.7227,33.428,7.798
15.4,45.883,0.70749,34.274,7.738
15.6,46.258,0.70926,34.11,7.379
15.8,47.168,0.70874,34.476,7.16
16.0,48.732,0.71762,34.099,7.445
16.2,49.743,0.72449,34.306,8.004
16.4,50.981,0.74687,34.495,7.464
16.6,50.442,0.74316,34.77,7.392
16.8,52.229,0.75246,35.337,7.531
17.0,52.776,0.75677,35.254,7.92
17.2,53.825,0.7263,35.452,7.736
17.4,55.04,0.76553,35.502,8.073
17.6,56.39,0.76625,35.131,8.158
17.8,58.533,0.74957,35.594,8.245
18.0,59.634,0.74517,35.64,7.731
18.2,60.849,0.75046,35.319,7.737
18.4,62.835,0.7602,35.942,7.844
18.6,64.826,0.75912,35.664,7.663
18.8,65.962,0.75661,36.024,8.125
19.0,67.479,0.77899,36.235,7.805
19.2,70.364,0.78129,35.935,8.424
19.4,71.112,0.78827,36.143,8.578
19.6,72.569,0.80529,36.216,8.337
19.8,74.197,0.7899,35.757,7.968
20.0,78.956,0.95192,44.239,8.364
20.2,79.964,0.95941,44.807,8.719
20.4,81.382,0.94522,44.154,8.572
20.6,81.993,0.95435,44.02,8.923
20.8,84.819,0.95959,43.872,8.926
21.0,84.055,0.95523,43.477,8.517
21.2,85.231,0.96008,43.504,8.603
21.4,84.834,0.95251,43.204,8.53
21.6,85.599,0.94396,43.218,8.413
21.8,87.524,0.957,43.455,8.71
22.0,88.398,0.96453,42.88,8.478
22.2,89.543,0.9389,43.001,8.7
22.4,87.72,0.95503,42.96,8.689
22.6,89.746,0.94928,42.007,8.617
22.8,89.497,0.94437,42.485,8.828
23.0,89.922,0.94008,42.193,8.735
23.2,89.236,0.90788,41.493,8.502
23.4,89.028,0.92546,41.791,8.689
23.6,90.302,0.91415,41.621,8.252
23.8,90.664,0.90955,41.561,8.625
24.0,90.212,0.88259,41.751,8.427
24.2,88.618,0.88233,41.729,8.394
24.4,89.955,0.89777,41.511,8.518
24.6,89.001,0.88361,41.831,8.682
24.8,88.999,0.86058,41.287,8.428
25.0,88.78,0.86321,41.812,8.259
25.2,86.619,0.85868,42.046,8.735
25.4,87.511,0.85668,42.043,8.575
25.6,86.367,0.84968,42.592,8.389
25.8,86.898,0.87324,41.905,8.571
26.0,85.769,0.87412,42.538,8.438
26.2,83.506,0.87425,42.508,8.657
26.4,82.499,0.86328,43.464,8.343
26.6,83.242,0.86534,43.612,8.742
26.8,80.906,0.88033,43.42,8.267
27.0,79.403,0.8722,43.584,8.461
27.2,78.746,0.87249,43.637,8.838
27.4,77.402,0.89,44.33,8.334
27.6,78.59,0.89466,44.543,8.453
27.8,76.213,0.89124,44.767,8.662
28.0,75.127,0.89875,44.145,8.284
28.2,73.441,0.91756,44.228,8.905
28.4,72.728,0.90716,44.497,8.383
28.6,71.963,0.93446,44.884,8.818
28.8,71.525,0.93957,44.924,8.634
29.0,70.694,0.91974,44.668,8.566
29.2,69.747,0.94327,44.145,8.284
29.4,69.161,0.93292,44.227,8.491
29.6,66.672,0.95583,44.602,8.432
29.8,66.584,0.94655,44.03,8.526
30.0,80.853,0.88647,41.833,8.884
30.2,80.088,0.8792,42.141,8.908
30.4,78.625,0.86638,41.331,8.234
30.6,77.091,0.85484,41.14,8.311
30.8,76.273,0.87709,41.331,8.379
31.0,74.722,0.85297,40.825,8.287
31.2,72.803,0.8335,41.098,8.098
31.4,72.483,0.83799,40.82,8.121
31.6,70.817,0.81314,40.261,8.242
31.8,70.97,0.82755,40.455,7.905
32.0,67.892,0.81238,40.291,8.181
32.2,67.734,0.77441,39.705,8.459
32.4,66.9,0.79902,39.986,7.944
32.6,64.107,0.76138,39.439,8.207
32.8,64.357,0.77447,39.348,8.225
33.0,61.915,0.75806,38.665,8.198
33.2,59.931,0.7632,38.945,7.823
33.4,58.13,0.72687,38.725,8.059
33.6,56.451,0.71001,38.412,7.938
33.8,55.307,0.70654,38.24,7.497
34.0,53.397,0.70643,38.28,7.901
34.2,52.792,0.69741,37.442,7.583
34.4,51.157,0.69699,37.229,7.385
34.6,48.433,0.68618,37.034,7.51
34.8,46.975,0.68661,36.58,7.314
35.0,44.534,0.65682,36.632,7.389
35.2,43.695,0.65997,36.163,7.354
35.4,42.32,0.63327,36.076,7.332
35.6,39.147,0.64162,35.303,7.796
35.8,38.072,0.60909,34.882,7.382
36.0,36.843,0.62995,34.445,7.325
36.2,34.43,0.62136,34.055,7.046
36.4,32.675,0.58853,34.266,7.589
36.6,32.629,0.6031,33.891,7.16
36.8,30.197,0.59104,33.334,6.912
37.0,29.864,0.55914,32.624,7.082
37.2,27.621,0.53451,32.132,7.056
37.4,27.969,0.52975,32.263,6.915
37.6,25.565,0.54806,31.731,7.033
37.8,23.75,0.52454,30.956,7.334
38.0,22.831,0.51057,30.964,6.671
38.2,22.042,0.51887,30.452,6.638
38.4,20.037,0.4793,30.174,6.75
38.6,20.17,0.50314,29.316,6.721
38.8,19.253,0.48228,28.87,6.992
39.0,16.579,0.45903,28.29,6.979
39.2,16.329,0.46376,28.679,6.427
39.4,13.455,0.44781,28.339,7.038
39.6,12.192,0.42924,27.58,6.675
39.8,11.65,0.41692,27.553,6.807
